train_dataset,x_param,target,test_dataset,k,b,MSE,RMAE,R2,mean_real,mean_pred
OCC,OCC,locate_component,DEF,0.024549379117767015,68.52919477211631,4186.243071638775,0.20082614148680608,0.8386399674464496,235.20594000000006,251.9857229440245
OCC,OCC,locate_component,LOC,0.024549379117767015,68.52919477211631,3080.6498700853704,0.166540791637106,0.8400302227637075,271.95063194444447,246.35875975644115
OCC,OCC,locate_component,NOD,0.024549379117767015,68.52919477211631,6051.11300527224,0.26154404077000315,0.7886547289806264,247.81763733333332,262.18844490536844
OCC,OCC,locate_component,ALL,0.024549379117767015,68.52919477211631,4226.409526712621,0.2064966624820603,0.8116463972943505,253.7152744107744,255.3774949197584
58385452
OCC,OCC,locate_component,DEF,file:///C:/Users/74993/Desktop/毕设/wll论文/java-language-server2/outputDir/DEF/cb/DEF_400.java,124.90350000000001,160.63846522197815
OCC,OCC,locate_component,DEF,file:///C:/Users/74993/Desktop/毕设/wll论文/java-language-server2/outputDir/DEF/cc/DEF_480.java,41.58690000000001,96.49093758725294
OCC,OCC,locate_component,DEF,file:///C:/Users/74993/Desktop/毕设/wll论文/java-language-server2/outputDir/DEF/cd/DEF_560.java,67.76123333333334,113.57730545321878
OCC,OCC,locate_component,DEF,file:///C:/Users/74993/Desktop/毕设/wll论文/java-language-server2/outputDir/DEF/ce/DEF_640.java,120.01736666666666,150.00858406398504
OCC,OCC,locate_component,DEF,file:///C:/Users/74993/Desktop/毕设/wll论文/java-language-server2/outputDir/DEF/cf/DEF_720.java,185.5245,219.65517262109006
OCC,OCC,locate_component,DEF,file:///C:/Users/74993/Desktop/毕设/wll论文/java-language-server2/outputDir/DEF/cg/DEF_800.java,207.1292,221.91371549992462
OCC,OCC,locate_component,DEF,file:///C:/Users/74993/Desktop/毕设/wll论文/java-language-server2/outputDir/DEF/ch/DEF_880.java,188.23170000000002,219.82701827491442
OCC,OCC,locate_component,DEF,file:///C:/Users/74993/Desktop/毕设/wll论文/java-language-server2/outputDir/DEF/ci/DEF_960.java,182.81286666666665,229.13123296054812
OCC,OCC,locate_component,DEF,file:///C:/Users/74993/Desktop/毕设/wll论文/java-language-server2/outputDir/DEF/cj/DEF_1040.java,248.558,269.3676653345683
OCC,OCC,locate_component,DEF,file:///C:/Users/74993/Desktop/毕设/wll论文/java-language-server2/outputDir/DEF/ck/DEF_1120.java,183.83833333333334,221.37362915933375
OCC,OCC,locate_component,DEF,file:///C:/Users/74993/Desktop/毕设/wll论文/java-language-server2/outputDir/DEF/cl/DEF_1200.java,303.5263,323.84273759689324
OCC,OCC,locate_component,DEF,file:///C:/Users/74993/Desktop/毕设/wll论文/java-language-server2/outputDir/DEF/cm/DEF_1280.java,286.75103333333334,313.36015271360674
OCC,OCC,locate_component,DEF,file:///C:/Users/74993/Desktop/毕设/wll论文/java-language-server2/outputDir/DEF/cn/DEF_1360.java,294.7916666666667,326.8868606074964
OCC,OCC,locate_component,DEF,file:///C:/Users/74993/Desktop/毕设/wll论文/java-language-server2/outputDir/DEF/co/DEF_1440.java,318.9201,362.4834603282585
OCC,OCC,locate_component,DEF,file:///C:/Users/74993/Desktop/毕设/wll论文/java-language-server2/outputDir/DEF/cp/DEF_1520.java,268.68263333333334,295.1445134082236
OCC,OCC,locate_component,DEF,file:///C:/Users/74993/Desktop/毕设/wll论文/java-language-server2/outputDir/DEF/cq/DEF_1600.java,227.35410000000002,268.655733340153
OCC,OCC,locate_component,DEF,file:///C:/Users/74993/Desktop/毕设/wll论文/java-language-server2/outputDir/DEF/cr/DEF_1680.java,370.65336666666667,387.9657158525007
OCC,OCC,locate_component,DEF,file:///C:/Users/74993/Desktop/毕设/wll论文/java-language-server2/outputDir/DEF/cs/DEF_1760.java,393.90450000000004,396.3370541316592
OCC,OCC,locate_component,DEF,file:///C:/Users/74993/Desktop/毕设/wll论文/java-language-server2/outputDir/DEF/ct/DEF_1840.java,325.2407666666667,358.5801090485336
OCC,OCC,locate_component,DEF,file:///C:/Users/74993/Desktop/毕设/wll论文/java-language-server2/outputDir/DEF/cu/DEF_1920.java,651.8663,467.99669177642113
OCC,OCC,locate_component,DEF,file:///C:/Users/74993/Desktop/毕设/wll论文/java-language-server2/outputDir/DEF/cv/DEF_2000.java,655.4948,458.6679277116697
OCC,OCC,locate_component,LOC,file:///C:/Users/74993/Desktop/毕设/wll论文/java-language-server2/outputDir/LOC/a/LOC_400.java,15.0869,77.04782932598147
OCC,OCC,locate_component,LOC,file:///C:/Users/74993/Desktop/毕设/wll论文/java-language-server2/outputDir/LOC/b/LOC_800.java,51.423566666666666,99.97694942197586
OCC,OCC,locate_component,LOC,file:///C:/Users/74993/Desktop/毕设/wll论文/java-language-server2/outputDir/LOC/c/LOC_1200.java,52.50443333333334,99.24046804844285
OCC,OCC,locate_component,LOC,file:///C:/Users/74993/Desktop/毕设/wll论文/java-language-server2/outputDir/LOC/d/LOC_1600.java,119.44403333333332,139.01046221922542
OCC,OCC,locate_component,LOC,file:///C:/Users/74993/Desktop/毕设/wll论文/java-language-server2/outputDir/LOC/e/LOC_2000.java,103.52196666666667,130.86006835212675
OCC,OCC,locate_component,LOC,file:///C:/Users/74993/Desktop/毕设/wll论文/java-language-server2/outputDir/LOC/f/LOC_2400.java,132.71323333333333,146.86626353691085
OCC,OCC,locate_component,LOC,file:///C:/Users/74993/Desktop/毕设/wll论文/java-language-server2/outputDir/LOC/g/LOC_2800.java,139.12273333333334,152.14438004723075
OCC,OCC,locate_component,LOC,file:///C:/Users/74993/Desktop/毕设/wll论文/java-language-server2/outputDir/LOC/i/LOC_3600.java,178.77916666666667,183.83762848826797
OCC,OCC,locate_component,LOC,file:///C:/Users/74993/Desktop/毕设/wll论文/java-language-server2/outputDir/LOC/j/LOC_4000.java,190.13876666666667,183.17479525208827
OCC,OCC,locate_component,LOC,file:///C:/Users/74993/Desktop/毕设/wll论文/java-language-server2/outputDir/LOC/k/LOC_4400.java,267.41693333333336,225.96436305435617
OCC,OCC,locate_component,LOC,file:///C:/Users/74993/Desktop/毕设/wll论文/java-language-server2/outputDir/LOC/l/LOC_4800.java,308.4406666666667,246.38944648033834
OCC,OCC,locate_component,LOC,file:///C:/Users/74993/Desktop/毕设/wll论文/java-language-server2/outputDir/LOC/m/LOC_5200.java,326.26296666666667,256.2582968856807
OCC,OCC,locate_component,LOC,file:///C:/Users/74993/Desktop/毕设/wll论文/java-language-server2/outputDir/LOC/n/LOC_5600.java,309.9158,250.71013720506534
OCC,OCC,locate_component,LOC,file:///C:/Users/74993/Desktop/毕设/wll论文/java-language-server2/outputDir/LOC/o/LOC_6000.java,295.81643333333335,251.9867049191892
OCC,OCC,locate_component,LOC,file:///C:/Users/74993/Desktop/毕设/wll论文/java-language-server2/outputDir/LOC/p/LOC_6400.java,392.85633333333334,292.76322363380024
OCC,OCC,locate_component,LOC,file:///C:/Users/74993/Desktop/毕设/wll论文/java-language-server2/outputDir/LOC/q/LOC_6800.java,391.0019333333333,308.9903632306442
OCC,OCC,locate_component,LOC,file:///C:/Users/74993/Desktop/毕设/wll论文/java-language-server2/outputDir/LOC/r/LOC_7200.java,373.0761,309.45680143388176
OCC,OCC,locate_component,LOC,file:///C:/Users/74993/Desktop/毕设/wll论文/java-language-server2/outputDir/LOC/s/LOC_7600.java,382.5640333333333,297.525803182647
OCC,OCC,locate_component,LOC,file:///C:/Users/74993/Desktop/毕设/wll论文/java-language-server2/outputDir/LOC/t/LOC_8000.java,475.5126333333333,350.35606704408167
OCC,OCC,locate_component,LOC,file:///C:/Users/74993/Desktop/毕设/wll论文/java-language-server2/outputDir/LOC/u/LOC_8400.java,343.8242666666667,319.3502012183419
OCC,OCC,locate_component,LOC,file:///C:/Users/74993/Desktop/毕设/wll论文/java-language-server2/outputDir/LOC/v/LOC_8800.java,363.17830000000004,359.0219978726534
OCC,OCC,locate_component,LOC,file:///C:/Users/74993/Desktop/毕设/wll论文/java-language-server2/outputDir/LOC/w/LOC_9200.java,429.7894666666666,421.7947602767837
OCC,OCC,locate_component,LOC,file:///C:/Users/74993/Desktop/毕设/wll论文/java-language-server2/outputDir/LOC/x/LOC_9600.java,440.93786666666665,382.0002167268833
OCC,OCC,locate_component,LOC,file:///C:/Users/74993/Desktop/毕设/wll论文/java-language-server2/outputDir/LOC/y/LOC_10000.java,443.4866333333334,427.8830062979898
OCC,OCC,locate_component,NOD,file:///C:/Users/74993/Desktop/毕设/wll论文/java-language-server2/outputDir/NOD/aa/NOD_2000.java,38.35606666666666,103.9539488390541
OCC,OCC,locate_component,NOD,file:///C:/Users/74993/Desktop/毕设/wll论文/java-language-server2/outputDir/NOD/ab/NOD_3000.java,50.83486666666666,109.7721516899649
OCC,OCC,locate_component,NOD,file:///C:/Users/74993/Desktop/毕设/wll论文/java-language-server2/outputDir/NOD/ac/NOD_4000.java,70.30763333333333,128.6015254732922
OCC,OCC,locate_component,NOD,file:///C:/Users/74993/Desktop/毕设/wll论文/java-language-server2/outputDir/NOD/ad/NOD_5000.java,104.03026666666666,146.86626353691085
OCC,OCC,locate_component,NOD,file:///C:/Users/74993/Desktop/毕设/wll论文/java-language-server2/outputDir/NOD/ae/NOD_6000.java,97.05306666666667,154.40292292606534
OCC,OCC,locate_component,NOD,file:///C:/Users/74993/Desktop/毕设/wll论文/java-language-server2/outputDir/NOD/af/NOD_7000.java,114.28983333333333,171.61203768762
OCC,OCC,locate_component,NOD,file:///C:/Users/74993/Desktop/毕设/wll论文/java-language-server2/outputDir/NOD/ag/NOD_8000.java,133.01266666666666,195.84227487685604
OCC,OCC,locate_component,NOD,file:///C:/Users/74993/Desktop/毕设/wll论文/java-language-server2/outputDir/NOD/ah/NOD_9000.java,208.85573333333332,209.9336184904543
OCC,OCC,locate_component,NOD,file:///C:/Users/74993/Desktop/毕设/wll论文/java-language-server2/outputDir/NOD/ai/NOD_10000.java,164.50366666666665,221.64367232962917
OCC,OCC,locate_component,NOD,file:///C:/Users/74993/Desktop/毕设/wll论文/java-language-server2/outputDir/NOD/aj/NOD_11000.java,175.26993333333334,233.0100348611553
OCC,OCC,locate_component,NOD,file:///C:/Users/74993/Desktop/毕设/wll论文/java-language-server2/outputDir/NOD/ak/NOD_12000.java,206.40263333333334,254.220698418906
OCC,OCC,locate_component,NOD,file:///C:/Users/74993/Desktop/毕设/wll论文/java-language-server2/outputDir/NOD/al/NOD_13000.java,217.7957,266.17624604925857
OCC,OCC,locate_component,NOD,file:///C:/Users/74993/Desktop/毕设/wll论文/java-language-server2/outputDir/NOD/am/NOD_14000.java,238.82723333333334,269.61315912574594
OCC,OCC,locate_component,NOD,file:///C:/Users/74993/Desktop/毕设/wll论文/java-language-server2/outputDir/NOD/an/NOD_15000.java,247.18786666666665,291.6094028152652
OCC,OCC,locate_component,NOD,file:///C:/Users/74993/Desktop/毕设/wll论文/java-language-server2/outputDir/NOD/ao/NOD_16000.java,274.00393333333335,314.19483160361085
OCC,OCC,locate_component,NOD,file:///C:/Users/74993/Desktop/毕设/wll论文/java-language-server2/outputDir/NOD/ap/NOD_17000.java,269.77833333333336,318.7610161195155
OCC,OCC,locate_component,NOD,file:///C:/Users/74993/Desktop/毕设/wll论文/java-language-server2/outputDir/NOD/aq/NOD_18000.java,283.4028333333334,328.4089221127979
OCC,OCC,locate_component,NOD,file:///C:/Users/74993/Desktop/毕设/wll论文/java-language-server2/outputDir/NOD/ar/NOD_19000.java,309.9897,344.85700612170183
OCC,OCC,locate_component,NOD,file:///C:/Users/74993/Desktop/毕设/wll论文/java-language-server2/outputDir/NOD/as/NOD_20000.java,332.6392333333333,362.21341715796314
OCC,OCC,locate_component,NOD,file:///C:/Users/74993/Desktop/毕设/wll论文/java-language-server2/outputDir/NOD/at/NOD_21000.java,325.37243333333333,368.3262125582871
OCC,OCC,locate_component,NOD,file:///C:/Users/74993/Desktop/毕设/wll论文/java-language-server2/outputDir/NOD/au/NOD_22000.java,546.2316,400.8786892684461
OCC,OCC,locate_component,NOD,file:///C:/Users/74993/Desktop/毕设/wll论文/java-language-server2/outputDir/NOD/av/NOD_23000.java,552.4920999999999,392.360054714581
OCC,OCC,locate_component,NOD,file:///C:/Users/74993/Desktop/毕设/wll论文/java-language-server2/outputDir/NOD/aw/NOD_24000.java,590.3467333333333,446.31959001543294
OCC,OCC,locate_component,NOD,file:///C:/Users/74993/Desktop/毕设/wll论文/java-language-server2/outputDir/NOD/ax/NOD_25000.java,623.0420333333333,441.99889929070594
OCC,OCC,locate_component,NOD,file:///C:/Users/74993/Desktop/毕设/wll论文/java-language-server2/outputDir/NOD/z/NOD_1000.java,21.414833333333334,79.13452655099167
OCC,OCC,locate_component,ALL,file:///C:/Users/74993/Desktop/毕设/wll论文/java-language-server2/outputDir/DEF/bx/DEF_80.java,46.63676666666667,92.07204934605488
OCC,OCC,locate_component,ALL,file:///C:/Users/74993/Desktop/毕设/wll论文/java-language-server2/outputDir/DEF/by/DEF_160.java,55.81719999999999,109.7721516899649
OCC,OCC,locate_component,ALL,file:///C:/Users/74993/Desktop/毕设/wll论文/java-language-server2/outputDir/DEF/bz/DEF_240.java,61.88163333333333,112.59533028850811
OCC,OCC,locate_component,ALL,file:///C:/Users/74993/Desktop/毕设/wll论文/java-language-server2/outputDir/DEF/ca/DEF_320.java,68.26373333333333,123.29885958385452
OCC,OCC,locate_component,ALL,file:///C:/Users/74993/Desktop/毕设/wll论文/java-language-server2/outputDir/DEF/cb/DEF_400.java,124.90350000000001,160.63846522197815
OCC,OCC,locate_component,ALL,file:///C:/Users/74993/Desktop/毕设/wll论文/java-language-server2/outputDir/DEF/cc/DEF_480.java,41.58690000000001,96.49093758725294
OCC,OCC,locate_component,ALL,file:///C:/Users/74993/Desktop/毕设/wll论文/java-language-server2/outputDir/DEF/cd/DEF_560.java,67.76123333333334,113.57730545321878
OCC,OCC,locate_component,ALL,file:///C:/Users/74993/Desktop/毕设/wll论文/java-language-server2/outputDir/DEF/ce/DEF_640.java,120.01736666666666,150.00858406398504
OCC,OCC,locate_component,ALL,file:///C:/Users/74993/Desktop/毕设/wll论文/java-language-server2/outputDir/DEF/cf/DEF_720.java,185.5245,219.65517262109006
OCC,OCC,locate_component,ALL,file:///C:/Users/74993/Desktop/毕设/wll论文/java-language-server2/outputDir/DEF/cg/DEF_800.java,207.1292,221.91371549992462
OCC,OCC,locate_component,ALL,file:///C:/Users/74993/Desktop/毕设/wll论文/java-language-server2/outputDir/DEF/ch/DEF_880.java,188.23170000000002,219.82701827491442
OCC,OCC,locate_component,ALL,file:///C:/Users/74993/Desktop/毕设/wll论文/java-language-server2/outputDir/DEF/ci/DEF_960.java,182.81286666666665,229.13123296054812
OCC,OCC,locate_component,ALL,file:///C:/Users/74993/Desktop/毕设/wll论文/java-language-server2/outputDir/DEF/cj/DEF_1040.java,248.558,269.3676653345683
OCC,OCC,locate_component,ALL,file:///C:/Users/74993/Desktop/毕设/wll论文/java-language-server2/outputDir/DEF/ck/DEF_1120.java,183.83833333333334,221.37362915933375
OCC,OCC,locate_component,ALL,file:///C:/Users/74993/Desktop/毕设/wll论文/java-language-server2/outputDir/DEF/cl/DEF_1200.java,303.5263,323.84273759689324
OCC,OCC,locate_component,ALL,file:///C:/Users/74993/Desktop/毕设/wll论文/java-language-server2/outputDir/DEF/cm/DEF_1280.java,286.75103333333334,313.36015271360674
OCC,OCC,locate_component,ALL,file:///C:/Users/74993/Desktop/毕设/wll论文/java-language-server2/outputDir/DEF/cn/DEF_1360.java,294.7916666666667,326.8868606074964
OCC,OCC,locate_component,ALL,file:///C:/Users/74993/Desktop/毕设/wll论文/java-language-server2/outputDir/DEF/co/DEF_1440.java,318.9201,362.4834603282585
OCC,OCC,locate_component,ALL,file:///C:/Users/74993/Desktop/毕设/wll论文/java-language-server2/outputDir/DEF/cp/DEF_1520.java,268.68263333333334,295.1445134082236
OCC,OCC,locate_component,ALL,file:///C:/Users/74993/Desktop/毕设/wll论文/java-language-server2/outputDir/DEF/cq/DEF_1600.java,227.35410000000002,268.655733340153
OCC,OCC,locate_component,ALL,file:///C:/Users/74993/Desktop/毕设/wll论文/java-language-server2/outputDir/DEF/cr/DEF_1680.java,370.65336666666667,387.9657158525007
OCC,OCC,locate_component,ALL,file:///C:/Users/74993/Desktop/毕设/wll论文/java-language-server2/outputDir/DEF/cs/DEF_1760.java,393.90450000000004,396.3370541316592
OCC,OCC,locate_component,ALL,file:///C:/Users/74993/Desktop/毕设/wll论文/java-language-server2/outputDir/DEF/ct/DEF_1840.java,325.2407666666667,358.5801090485336
OCC,OCC,locate_component,ALL,file:///C:/Users/74993/Desktop/毕设/wll论文/java-language-server2/outputDir/DEF/cu/DEF_1920.java,651.8663,467.99669177642113
OCC,OCC,locate_component,ALL,file:///C:/Users/74993/Desktop/毕设/wll论文/java-language-server2/outputDir/DEF/cv/DEF_2000.java,655.4948,458.6679277116697
OCC,OCC,locate_component,ALL,file:///C:/Users/74993/Desktop/毕设/wll论文/java-language-server2/outputDir/LOC/a/LOC_400.java,15.0869,77.04782932598147
OCC,OCC,locate_component,ALL,file:///C:/Users/74993/Desktop/毕设/wll论文/java-language-server2/outputDir/LOC/b/LOC_800.java,51.423566666666666,99.97694942197586
OCC,OCC,locate_component,ALL,file:///C:/Users/74993/Desktop/毕设/wll论文/java-language-server2/outputDir/LOC/c/LOC_1200.java,52.50443333333334,99.24046804844285
OCC,OCC,locate_component,ALL,file:///C:/Users/74993/Desktop/毕设/wll论文/java-language-server2/outputDir/LOC/d/LOC_1600.java,119.44403333333332,139.01046221922542
OCC,OCC,locate_component,ALL,file:///C:/Users/74993/Desktop/毕设/wll论文/java-language-server2/outputDir/LOC/e/LOC_2000.java,103.52196666666667,130.86006835212675
OCC,OCC,locate_component,ALL,file:///C:/Users/74993/Desktop/毕设/wll论文/java-language-server2/outputDir/LOC/f/LOC_2400.java,132.71323333333333,146.86626353691085
OCC,OCC,locate_component,ALL,file:///C:/Users/74993/Desktop/毕设/wll论文/java-language-server2/outputDir/LOC/g/LOC_2800.java,139.12273333333334,152.14438004723075
OCC,OCC,locate_component,ALL,file:///C:/Users/74993/Desktop/毕设/wll论文/java-language-server2/outputDir/LOC/i/LOC_3600.java,178.77916666666667,183.83762848826797
OCC,OCC,locate_component,ALL,file:///C:/Users/74993/Desktop/毕设/wll论文/java-language-server2/outputDir/LOC/j/LOC_4000.java,190.13876666666667,183.17479525208827
OCC,OCC,locate_component,ALL,file:///C:/Users/74993/Desktop/毕设/wll论文/java-language-server2/outputDir/LOC/k/LOC_4400.java,267.41693333333336,225.96436305435617
OCC,OCC,locate_component,ALL,file:///C:/Users/74993/Desktop/毕设/wll论文/java-language-server2/outputDir/LOC/l/LOC_4800.java,308.4406666666667,246.38944648033834
OCC,OCC,locate_component,ALL,file:///C:/Users/74993/Desktop/毕设/wll论文/java-language-server2/outputDir/LOC/m/LOC_5200.java,326.26296666666667,256.2582968856807
OCC,OCC,locate_component,ALL,file:///C:/Users/74993/Desktop/毕设/wll论文/java-language-server2/outputDir/LOC/n/LOC_5600.java,309.9158,250.71013720506534
OCC,OCC,locate_component,ALL,file:///C:/Users/74993/Desktop/毕设/wll论文/java-language-server2/outputDir/LOC/o/LOC_6000.java,295.81643333333335,251.9867049191892
OCC,OCC,locate_component,ALL,file:///C:/Users/74993/Desktop/毕设/wll论文/java-language-server2/outputDir/LOC/p/LOC_6400.java,392.85633333333334,292.76322363380024
OCC,OCC,locate_component,ALL,file:///C:/Users/74993/Desktop/毕设/wll论文/java-language-server2/outputDir/LOC/q/LOC_6800.java,391.0019333333333,308.9903632306442
OCC,OCC,locate_component,ALL,file:///C:/Users/74993/Desktop/毕设/wll论文/java-language-server2/outputDir/LOC/r/LOC_7200.java,373.0761,309.45680143388176
OCC,OCC,locate_component,ALL,file:///C:/Users/74993/Desktop/毕设/wll论文/java-language-server2/outputDir/LOC/s/LOC_7600.java,382.5640333333333,297.525803182647
OCC,OCC,locate_component,ALL,file:///C:/Users/74993/Desktop/毕设/wll论文/java-language-server2/outputDir/LOC/t/LOC_8000.java,475.5126333333333,350.35606704408167
OCC,OCC,locate_component,ALL,file:///C:/Users/74993/Desktop/毕设/wll论文/java-language-server2/outputDir/LOC/u/LOC_8400.java,343.8242666666667,319.3502012183419
OCC,OCC,locate_component,ALL,file:///C:/Users/74993/Desktop/毕设/wll论文/java-language-server2/outputDir/LOC/v/LOC_8800.java,363.17830000000004,359.0219978726534
OCC,OCC,locate_component,ALL,file:///C:/Users/74993/Desktop/毕设/wll论文/java-language-server2/outputDir/LOC/w/LOC_9200.java,429.7894666666666,421.7947602767837
OCC,OCC,locate_component,ALL,file:///C:/Users/74993/Desktop/毕设/wll论文/java-language-server2/outputDir/LOC/x/LOC_9600.java,440.93786666666665,382.0002167268833
OCC,OCC,locate_component,ALL,file:///C:/Users/74993/Desktop/毕设/wll论文/java-language-server2/outputDir/LOC/y/LOC_10000.java,443.4866333333334,427.8830062979898
OCC,OCC,locate_component,ALL,file:///C:/Users/74993/Desktop/毕设/wll论文/java-language-server2/outputDir/NOD/aa/NOD_2000.java,38.35606666666666,103.9539488390541
OCC,OCC,locate_component,ALL,file:///C:/Users/74993/Desktop/毕设/wll论文/java-language-server2/outputDir/NOD/ab/NOD_3000.java,50.83486666666666,109.7721516899649
OCC,OCC,locate_component,ALL,file:///C:/Users/74993/Desktop/毕设/wll论文/java-language-server2/outputDir/NOD/ac/NOD_4000.java,70.30763333333333,128.6015254732922
OCC,OCC,locate_component,ALL,file:///C:/Users/74993/Desktop/毕设/wll论文/java-language-server2/outputDir/NOD/ad/NOD_5000.java,104.03026666666666,146.86626353691085
OCC,OCC,locate_component,ALL,file:///C:/Users/74993/Desktop/毕设/wll论文/java-language-server2/outputDir/NOD/ae/NOD_6000.java,97.05306666666667,154.40292292606534
OCC,OCC,locate_component,ALL,file:///C:/Users/74993/Desktop/毕设/wll论文/java-language-server2/outputDir/NOD/af/NOD_7000.java,114.28983333333333,171.61203768762
OCC,OCC,locate_component,ALL,file:///C:/Users/74993/Desktop/毕设/wll论文/java-language-server2/outputDir/NOD/ag/NOD_8000.java,133.01266666666666,195.84227487685604
OCC,OCC,locate_component,ALL,file:///C:/Users/74993/Desktop/毕设/wll论文/java-language-server2/outputDir/NOD/ah/NOD_9000.java,208.85573333333332,209.9336184904543
OCC,OCC,locate_component,ALL,file:///C:/Users/74993/Desktop/毕设/wll论文/java-language-server2/outputDir/NOD/ai/NOD_10000.java,164.50366666666665,221.64367232962917
OCC,OCC,locate_component,ALL,file:///C:/Users/74993/Desktop/毕设/wll论文/java-language-server2/outputDir/NOD/aj/NOD_11000.java,175.26993333333334,233.0100348611553
OCC,OCC,locate_component,ALL,file:///C:/Users/74993/Desktop/毕设/wll论文/java-language-server2/outputDir/NOD/ak/NOD_12000.java,206.40263333333334,254.220698418906
OCC,OCC,locate_component,ALL,file:///C:/Users/74993/Desktop/毕设/wll论文/java-language-server2/outputDir/NOD/al/NOD_13000.java,217.7957,266.17624604925857
OCC,OCC,locate_component,ALL,file:///C:/Users/74993/Desktop/毕设/wll论文/java-language-server2/outputDir/NOD/am/NOD_14000.java,238.82723333333334,269.61315912574594
OCC,OCC,locate_component,ALL,file:///C:/Users/74993/Desktop/毕设/wll论文/java-language-server2/outputDir/NOD/an/NOD_15000.java,247.18786666666665,291.6094028152652
OCC,OCC,locate_component,ALL,file:///C:/Users/74993/Desktop/毕设/wll论文/java-language-server2/outputDir/NOD/ao/NOD_16000.java,274.00393333333335,314.19483160361085
OCC,OCC,locate_component,ALL,file:///C:/Users/74993/Desktop/毕设/wll论文/java-language-server2/outputDir/NOD/ap/NOD_17000.java,269.77833333333336,318.7610161195155
OCC,OCC,locate_component,ALL,file:///C:/Users/74993/Desktop/毕设/wll论文/java-language-server2/outputDir/NOD/aq/NOD_18000.java,283.4028333333334,328.4089221127979
OCC,OCC,locate_component,ALL,file:///C:/Users/74993/Desktop/毕设/wll论文/java-language-server2/outputDir/NOD/ar/NOD_19000.java,309.9897,344.85700612170183
OCC,OCC,locate_component,ALL,file:///C:/Users/74993/Desktop/毕设/wll论文/java-language-server2/outputDir/NOD/as/NOD_20000.java,332.6392333333333,362.21341715796314
OCC,OCC,locate_component,ALL,file:///C:/Users/74993/Desktop/毕设/wll论文/java-language-server2/outputDir/NOD/at/NOD_21000.java,325.37243333333333,368.3262125582871
OCC,OCC,locate_component,ALL,file:///C:/Users/74993/Desktop/毕设/wll论文/java-language-server2/outputDir/NOD/au/NOD_22000.java,546.2316,400.8786892684461
OCC,OCC,locate_component,ALL,file:///C:/Users/74993/Desktop/毕设/wll论文/java-language-server2/outputDir/NOD/av/NOD_23000.java,552.4920999999999,392.360054714581
OCC,OCC,locate_component,ALL,file:///C:/Users/74993/Desktop/毕设/wll论文/java-language-server2/outputDir/NOD/aw/NOD_24000.java,590.3467333333333,446.31959001543294
OCC,OCC,locate_component,ALL,file:///C:/Users/74993/Desktop/毕设/wll论文/java-language-server2/outputDir/NOD/ax/NOD_25000.java,623.0420333333333,441.99889929070594
OCC,OCC,locate_component,ALL,file:///C:/Users/74993/Desktop/毕设/wll论文/java-language-server2/outputDir/NOD/z/NOD_1000.java,21.414833333333334,79.13452655099167
OCC,OCC,locate_component,ALL,file:///C:/Users/74993/Desktop/毕设/wll论文/java-language-server2/outputDir/OCC/ay/OCC_600.java,16.754733333333334,80.09195233658457
OCC,OCC,locate_component,ALL,file:///C:/Users/74993/Desktop/毕设/wll论文/java-language-server2/outputDir/OCC/az/OCC_1200.java,49.697333333333326,97.30106709813926
OCC,OCC,locate_component,ALL,file:///C:/Users/74993/Desktop/毕设/wll论文/java-language-server2/outputDir/OCC/ba/OCC_1800.java,71.75333333333333,112.84082407968577
OCC,OCC,locate_component,ALL,file:///C:/Users/74993/Desktop/毕设/wll论文/java-language-server2/outputDir/OCC/bb/OCC_2400.java,94.0161,133.24135812655015
OCC,OCC,locate_component,ALL,file:///C:/Users/74993/Desktop/毕设/wll论文/java-language-server2/outputDir/OCC/bc/OCC_3000.java,120.9844,142.10368398806406
OCC,OCC,locate_component,ALL,file:///C:/Users/74993/Desktop/毕设/wll论文/java-language-server2/outputDir/OCC/bd/OCC_3600.java,138.09576666666666,153.42094776135465
OCC,OCC,locate_component,ALL,file:///C:/Users/74993/Desktop/毕设/wll论文/java-language-server2/outputDir/OCC/be/OCC_4200.java,177.83270000000002,175.88362965411147
OCC,OCC,locate_component,ALL,file:///C:/Users/74993/Desktop/毕设/wll论文/java-language-server2/outputDir/OCC/bf/OCC_4800.java,158.1301,183.02749897738167
OCC,OCC,locate_component,ALL,file:///C:/Users/74993/Desktop/毕设/wll论文/java-language-server2/outputDir/OCC/bg/OCC_5400.java,207.0850333333333,201.66047772776685
OCC,OCC,locate_component,ALL,file:///C:/Users/74993/Desktop/毕设/wll论文/java-language-server2/outputDir/OCC/bh/OCC_6000.java,229.47076666666666,212.46220453958432
OCC,OCC,locate_component,ALL,file:///C:/Users/74993/Desktop/毕设/wll论文/java-language-server2/outputDir/OCC/bi/OCC_6600.java,271.1749,233.1573311358619
OCC,OCC,locate_component,ALL,file:///C:/Users/74993/Desktop/毕设/wll论文/java-language-server2/outputDir/OCC/bj/OCC_7200.java,294.4918333333333,242.21605203031794
OCC,OCC,locate_component,ALL,file:///C:/Users/74993/Desktop/毕设/wll论文/java-language-server2/outputDir/OCC/bk/OCC_7800.java,318.6013666666667,264.5314376483682
OCC,OCC,locate_component,ALL,file:///C:/Users/74993/Desktop/毕设/wll论文/java-language-server2/outputDir/OCC/bl/OCC_8400.java,321.6676333333333,271.82260324634495
OCC,OCC,locate_component,ALL,file:///C:/Users/74993/Desktop/毕设/wll论文/java-language-server2/outputDir/OCC/bm/OCC_9000.java,372.01416666666665,288.34433539260215
OCC,OCC,locate_component,ALL,file:///C:/Users/74993/Desktop/毕设/wll论文/java-language-server2/outputDir/OCC/bn/OCC_9600.java,369.42946666666666,301.45370384148976
OCC,OCC,locate_component,ALL,file:///C:/Users/74993/Desktop/毕设/wll论文/java-language-server2/outputDir/OCC/bo/OCC_10200.java,413.99126666666666,321.70694161364753
OCC,OCC,locate_component,ALL,file:///C:/Users/74993/Desktop/毕设/wll论文/java-language-server2/outputDir/OCC/bp/OCC_10800.java,405.6629,336.38747032607216
OCC,OCC,locate_component,ALL,file:///C:/Users/74993/Desktop/毕设/wll论文/java-language-server2/outputDir/OCC/bq/OCC_11400.java,462.5542666666667,345.10249991287947
OCC,OCC,locate_component,ALL,file:///C:/Users/74993/Desktop/毕设/wll论文/java-language-server2/outputDir/OCC/br/OCC_12000.java,335.5806333333333,369.77462592623533
OCC,OCC,locate_component,ALL,file:///C:/Users/74993/Desktop/毕设/wll论文/java-language-server2/outputDir/OCC/bs/OCC_12600.java,328.6004666666667,383.5713769904204
OCC,OCC,locate_component,ALL,file:///C:/Users/74993/Desktop/毕设/wll论文/java-language-server2/outputDir/OCC/bt/OCC_13200.java,333.98356666666666,388.4567034348561
OCC,OCC,locate_component,ALL,file:///C:/Users/74993/Desktop/毕设/wll论文/java-language-server2/outputDir/OCC/bu/OCC_13800.java,343.8602333333333,408.16985486642295
OCC,OCC,locate_component,ALL,file:///C:/Users/74993/Desktop/毕设/wll论文/java-language-server2/outputDir/OCC/bv/OCC_14400.java,333.1211666666667,428.0057531935787
OCC,OCC,locate_component,ALL,file:///C:/Users/74993/Desktop/毕设/wll论文/java-language-server2/outputDir/OCC/bw/OCC_15000.java,346.8534333333334,440.6732328183465
